,page,href
0,0,showthread.php?t=20016093
1,0,showthread.php?t=8594414
2,0,showthread.php?t=12069815
3,0,showthread.php?t=19881195
4,0,showthread.php?t=19801135
5,0,showthread.php?t=6495493
6,0,showthread.php?t=20070930
7,0,showthread.php?t=20071896
8,0,showthread.php?t=20071879
9,0,showthread.php?t=20070553
10,0,showthread.php?t=20071796
11,0,showthread.php?t=20071635
12,0,showthread.php?t=20071903
13,0,showthread.php?t=20071897
14,0,showthread.php?t=20071730
15,0,showthread.php?t=20071717
16,0,showthread.php?t=20071795
17,0,showthread.php?t=20049465
18,0,showthread.php?t=20070882
19,0,showthread.php?t=20070383
20,0,showthread.php?t=20071453
21,0,showthread.php?t=20061000
22,0,showthread.php?t=20070444
23,0,showthread.php?t=20047197
24,0,showthread.php?t=20071617
25,0,showthread.php?t=20071803
26,0,showthread.php?t=20071739
27,0,showthread.php?t=20071091
28,0,showthread.php?t=20071765
29,0,showthread.php?t=20071625
30,0,showthread.php?t=20071653
31,1,showthread.php?t=20071653
32,1,showthread.php?t=20071660
33,1,showthread.php?t=20071437
34,1,showthread.php?t=17850720
35,1,showthread.php?t=20068322
36,1,showthread.php?t=20058257
37,1,showthread.php?t=20071624
38,1,showthread.php?t=20071622
39,1,showthread.php?t=20071245
40,1,showthread.php?t=20071305
41,1,showthread.php?t=20071054
42,1,showthread.php?t=20071310
43,1,showthread.php?t=20071433
44,1,showthread.php?t=20071389
45,1,showthread.php?t=20071401
46,1,showthread.php?t=20071359
47,1,showthread.php?t=20071483
48,1,showthread.php?t=20071008
49,1,showthread.php?t=20070422
50,1,showthread.php?t=20071466
51,1,showthread.php?t=20071517
52,1,showthread.php?t=20071088
53,1,showthread.php?t=20071463
54,1,showthread.php?t=20071444
55,1,showthread.php?t=20068788
56,2,showthread.php?t=20071377
57,2,showthread.php?t=20071391
58,2,showthread.php?t=20069338
59,2,showthread.php?t=20071294
60,2,showthread.php?t=20070518
61,2,showthread.php?t=20070954
62,2,showthread.php?t=20070934
63,2,showthread.php?t=20071345
64,2,showthread.php?t=20071226
65,2,showthread.php?t=20068712
66,2,showthread.php?t=20071263
67,2,showthread.php?t=20071049
68,2,showthread.php?t=20071223
69,2,showthread.php?t=20070238
70,2,showthread.php?t=20071074
71,2,showthread.php?t=20070898
72,2,showthread.php?t=18405649
73,2,showthread.php?t=20068573
74,2,showthread.php?t=20070543
75,2,showthread.php?t=20070948
76,2,showthread.php?t=20070053
77,2,showthread.php?t=20070434
78,2,showthread.php?t=19936523
79,2,showthread.php?t=20070769
80,2,showthread.php?t=20070715
81,3,showthread.php?t=20070715
82,3,showthread.php?t=20069139
83,3,showthread.php?t=20070837
84,3,showthread.php?t=20070573
85,3,showthread.php?t=20070719
86,3,showthread.php?t=20070742
87,3,showthread.php?t=20069568
88,3,showthread.php?t=20070645
89,3,showthread.php?t=20069691
90,3,showthread.php?t=20070759
91,3,showthread.php?t=20070623
92,3,showthread.php?t=20070608
93,3,showthread.php?t=20070495
94,3,showthread.php?t=19602979
95,3,showthread.php?t=20069908
96,3,showthread.php?t=20068827
97,3,showthread.php?t=20069513
98,3,showthread.php?t=20070587
99,3,showthread.php?t=20070544
100,3,showthread.php?t=20070577
101,3,showthread.php?t=20070514
102,3,showthread.php?t=20069844
103,3,showthread.php?t=20070492
104,3,showthread.php?t=20070235
105,3,showthread.php?t=20070432
106,4,showthread.php?t=20070451
107,4,showthread.php?t=20069730
108,4,showthread.php?t=20069887
109,4,showthread.php?t=20070394
110,4,showthread.php?t=20068292
111,4,showthread.php?t=20069194
112,4,showthread.php?t=20069764
113,4,showthread.php?t=20070069
114,4,showthread.php?t=20069846
115,4,showthread.php?t=20070151
116,4,showthread.php?t=20070050
117,4,showthread.php?t=20069835
118,4,showthread.php?t=20070092
119,4,showthread.php?t=20069971
120,4,showthread.php?t=20070141
121,4,showthread.php?t=19685206
122,4,showthread.php?t=20057813
123,4,showthread.php?t=20069286
124,4,showthread.php?t=20069195
125,4,showthread.php?t=20069938
126,4,showthread.php?t=20069953
127,4,showthread.php?t=20069902
128,4,showthread.php?t=20069762
129,4,showthread.php?t=20069639
130,4,showthread.php?t=20068965
131,5,showthread.php?t=20069862
132,5,showthread.php?t=20069484
133,5,showthread.php?t=20069592
134,5,showthread.php?t=20069791
135,5,showthread.php?t=20069772
136,5,showthread.php?t=20069157
137,5,showthread.php?t=20068966
138,5,showthread.php?t=20069551
139,5,showthread.php?t=20069693
140,5,showthread.php?t=20069700
141,5,showthread.php?t=20069575
142,5,showthread.php?t=20059766
143,5,showthread.php?t=20069499
144,5,showthread.php?t=20064587
145,5,showthread.php?t=20069003
146,5,showthread.php?t=20069456
147,5,showthread.php?t=20069330
148,5,showthread.php?t=20069453
149,5,showthread.php?t=20069343
150,5,showthread.php?t=20069232
151,5,showthread.php?t=20069416
152,5,showthread.php?t=19564146
153,5,showthread.php?t=20068939
154,5,showthread.php?t=20069332
155,5,showthread.php?t=20069245
156,6,showthread.php?t=20062813
157,6,showthread.php?t=20066970
158,6,showthread.php?t=20068977
159,6,showthread.php?t=20068794
160,6,showthread.php?t=20067781
161,6,showthread.php?t=20067075
162,6,showthread.php?t=20069135
163,6,showthread.php?t=20069123
164,6,showthread.php?t=20068868
165,6,showthread.php?t=20062540
166,6,showthread.php?t=20069086
167,6,showthread.php?t=20068974
168,6,showthread.php?t=20064708
169,6,showthread.php?t=20068571
170,6,showthread.php?t=20052948
171,6,showthread.php?t=20068932
172,6,showthread.php?t=20068801
173,6,showthread.php?t=20064490
174,6,showthread.php?t=20067626
175,6,showthread.php?t=20068127
176,6,showthread.php?t=20068791
177,6,showthread.php?t=20062129
178,6,showthread.php?t=20068716
179,6,showthread.php?t=20068659
180,6,showthread.php?t=19887988
181,7,showthread.php?t=20067812
182,7,showthread.php?t=20068157
183,7,showthread.php?t=20068656
184,7,showthread.php?t=20068405
185,7,showthread.php?t=20051172
186,7,showthread.php?t=20068494
187,7,showthread.php?t=20068033
188,7,showthread.php?t=20068331
189,7,showthread.php?t=20060003
190,7,showthread.php?t=20068590
191,7,showthread.php?t=20054670
192,7,showthread.php?t=20068232
193,7,showthread.php?t=20068270
194,7,showthread.php?t=20054555
195,7,showthread.php?t=20067960
196,7,showthread.php?t=20068181
197,7,showthread.php?t=20064018
198,7,showthread.php?t=20068262
199,7,showthread.php?t=20066956
200,7,showthread.php?t=20064981
201,7,showthread.php?t=20067870
202,7,showthread.php?t=20068260
203,7,showthread.php?t=20067955
204,7,showthread.php?t=20044192
205,7,showthread.php?t=20068201
206,8,showthread.php?t=20068183
207,8,showthread.php?t=20067817
208,8,showthread.php?t=20019984
209,8,showthread.php?t=20068007
210,8,showthread.php?t=20068040
211,8,showthread.php?t=20067651
212,8,showthread.php?t=20068055
213,8,showthread.php?t=20068103
214,8,showthread.php?t=20068076
215,8,showthread.php?t=20061193
216,8,showthread.php?t=20065003
217,8,showthread.php?t=20067994
218,8,showthread.php?t=20067171
219,8,showthread.php?t=20067941
220,8,showthread.php?t=20068020
221,8,showthread.php?t=20068012
222,8,showthread.php?t=20067966
223,8,showthread.php?t=20056751
224,8,showthread.php?t=20064559
225,8,showthread.php?t=20067938
226,8,showthread.php?t=20067198
227,8,showthread.php?t=20067897
228,8,showthread.php?t=20067924
229,8,showthread.php?t=20067839
230,8,showthread.php?t=20067843
231,9,showthread.php?t=20067944
232,9,showthread.php?t=20067923
233,9,showthread.php?t=20067697
234,9,showthread.php?t=20067855
235,9,showthread.php?t=20067816
236,9,showthread.php?t=20067767
237,9,showthread.php?t=20067161
238,9,showthread.php?t=20067172
239,9,showthread.php?t=20067743
240,9,showthread.php?t=20065092
241,9,showthread.php?t=20064961
242,9,showthread.php?t=20067779
243,9,showthread.php?t=20067123
244,9,showthread.php?t=20067765
245,9,showthread.php?t=20067118
246,9,showthread.php?t=20067689
247,9,showthread.php?t=20061154
248,9,showthread.php?t=20061254
249,9,showthread.php?t=20066987
250,9,showthread.php?t=20063786
251,9,showthread.php?t=20067211
252,9,showthread.php?t=20067247
253,9,showthread.php?t=20067182
254,9,showthread.php?t=20064901
255,9,showthread.php?t=20064081
256,10,showthread.php?t=20066940
257,10,showthread.php?t=20067184
258,10,showthread.php?t=20067176
259,10,showthread.php?t=20064706
260,10,showthread.php?t=20063734
261,10,showthread.php?t=19967858
262,10,showthread.php?t=20067024
263,10,showthread.php?t=20064210
264,10,showthread.php?t=20067041
265,10,showthread.php?t=20065272
266,10,showthread.php?t=20066994
267,10,showthread.php?t=20060551
268,10,showthread.php?t=20066935
269,10,showthread.php?t=20063618
270,10,showthread.php?t=20049895
271,10,showthread.php?t=20065175
272,10,showthread.php?t=20062382
273,10,showthread.php?t=20064690
274,10,showthread.php?t=20065161
275,10,showthread.php?t=20065056
276,10,showthread.php?t=20065006
277,10,showthread.php?t=20065060
278,10,showthread.php?t=20065045
279,10,showthread.php?t=20064938
280,10,showthread.php?t=20065058
281,11,showthread.php?t=20064546
282,11,showthread.php?t=20064999
283,11,showthread.php?t=20061552
284,11,showthread.php?t=20063811
285,11,showthread.php?t=20064869
286,11,showthread.php?t=20043154
287,11,showthread.php?t=20064678
288,11,showthread.php?t=20064670
289,11,showthread.php?t=20062379
290,11,showthread.php?t=20063819
291,11,showthread.php?t=20061697
292,11,showthread.php?t=20063655
293,11,showthread.php?t=20064461
294,11,showthread.php?t=20060407
295,11,showthread.php?t=20064393
296,11,showthread.php?t=20057690
297,11,showthread.php?t=20062811
298,11,showthread.php?t=20063657
299,11,showthread.php?t=19918512
300,11,showthread.php?t=20060621
301,11,showthread.php?t=20062168
302,11,showthread.php?t=20064550
303,11,showthread.php?t=20064480
304,11,showthread.php?t=20062580
305,11,showthread.php?t=20063892
306,12,showthread.php?t=20062821
307,12,showthread.php?t=20064463
308,12,showthread.php?t=20064428
309,12,showthread.php?t=20064409
310,12,showthread.php?t=20062742
311,12,showthread.php?t=20064370
312,12,showthread.php?t=20063501
313,12,showthread.php?t=20064058
314,12,showthread.php?t=20063539
315,12,showthread.php?t=20064006
316,12,showthread.php?t=20063894
317,12,showthread.php?t=20056062
318,12,showthread.php?t=20063984
319,12,showthread.php?t=20063903
320,12,showthread.php?t=20062395
321,12,showthread.php?t=20061767
322,12,showthread.php?t=20062634
323,12,showthread.php?t=20036298
324,12,showthread.php?t=20063375
325,12,showthread.php?t=20063424
326,12,showthread.php?t=20063574
327,12,showthread.php?t=20063733
328,12,showthread.php?t=20060745
329,12,showthread.php?t=20063704
330,12,showthread.php?t=20063335
331,13,showthread.php?t=20063649
332,13,showthread.php?t=20060887
333,13,showthread.php?t=20062344
334,13,showthread.php?t=20063488
335,13,showthread.php?t=20063600
336,13,showthread.php?t=20063584
337,13,showthread.php?t=20063457
338,13,showthread.php?t=20062177
339,13,showthread.php?t=20062682
340,13,showthread.php?t=20063555
341,13,showthread.php?t=20063507
342,13,showthread.php?t=20062730
343,13,showthread.php?t=20062209
344,13,showthread.php?t=20043596
345,13,showthread.php?t=20056953
346,13,showthread.php?t=20063478
347,13,showthread.php?t=20062662
348,13,showthread.php?t=20062519
349,13,showthread.php?t=20063175
350,13,showthread.php?t=20062982
351,13,showthread.php?t=20063120
352,13,showthread.php?t=20063339
353,13,showthread.php?t=20060300
354,13,showthread.php?t=20062647
355,13,showthread.php?t=20063235
356,14,showthread.php?t=20059061
357,14,showthread.php?t=20063063
358,14,showthread.php?t=20062825
359,14,showthread.php?t=20063156
360,14,showthread.php?t=20061161
361,14,showthread.php?t=20062992
362,14,showthread.php?t=20062078
363,14,showthread.php?t=20062165
364,14,showthread.php?t=20062880
365,14,showthread.php?t=20063098
366,14,showthread.php?t=20062509
367,14,showthread.php?t=20062586
368,14,showthread.php?t=20062996
369,14,showthread.php?t=20063006
370,14,showthread.php?t=20062847
371,14,showthread.php?t=20059713
372,14,showthread.php?t=20062921
373,14,showthread.php?t=20061671
374,14,showthread.php?t=20062823
375,14,showthread.php?t=20062840
376,14,showthread.php?t=20062897
377,14,showthread.php?t=20062826
378,14,showthread.php?t=19928121
379,14,showthread.php?t=20062807
380,14,showthread.php?t=20052752
381,15,showthread.php?t=20062609
382,15,showthread.php?t=20062255
383,15,showthread.php?t=20062721
384,15,showthread.php?t=20062047
385,15,showthread.php?t=20062708
386,15,showthread.php?t=20062639
387,15,showthread.php?t=20049767
388,15,showthread.php?t=20057631
389,15,showthread.php?t=20062456
390,15,showthread.php?t=20062631
391,15,showthread.php?t=20061975
392,15,showthread.php?t=20060932
393,15,showthread.php?t=20061766
394,15,showthread.php?t=20062463
395,15,showthread.php?t=20061575
396,15,showthread.php?t=20062012
397,15,showthread.php?t=20061020
398,15,showthread.php?t=20062268
399,15,showthread.php?t=20062349
400,15,showthread.php?t=20005361
401,15,showthread.php?t=20061273
402,15,showthread.php?t=20060809
403,15,showthread.php?t=20062057
404,15,showthread.php?t=20059251
405,15,showthread.php?t=20059076
406,16,showthread.php?t=20052047
407,16,showthread.php?t=20061949
408,16,showthread.php?t=20060053
409,16,showthread.php?t=20060328
410,16,showthread.php?t=20061876
411,16,showthread.php?t=20061581
412,16,showthread.php?t=19989464
413,16,showthread.php?t=20060717
414,16,showthread.php?t=20061116
415,16,showthread.php?t=20061519
416,16,showthread.php?t=20060724
417,16,showthread.php?t=20061503
418,16,showthread.php?t=20061501
419,16,showthread.php?t=20061043
420,16,showthread.php?t=20061634
421,16,showthread.php?t=20061554
422,16,showthread.php?t=20061453
423,16,showthread.php?t=20061566
424,16,showthread.php?t=20060957
425,16,showthread.php?t=20060484
426,16,showthread.php?t=20061521
427,16,showthread.php?t=20061543
428,16,showthread.php?t=20060936
429,16,showthread.php?t=20061234
430,16,showthread.php?t=20061514
431,17,showthread.php?t=20060868
432,17,showthread.php?t=20061470
433,17,showthread.php?t=20061448
434,17,showthread.php?t=20061473
435,17,showthread.php?t=20058606
436,17,showthread.php?t=20061319
437,17,showthread.php?t=20061424
438,17,showthread.php?t=20057246
439,17,showthread.php?t=20060065
440,17,showthread.php?t=20061221
441,17,showthread.php?t=20058476
442,17,showthread.php?t=20061385
443,17,showthread.php?t=20055816
444,17,showthread.php?t=20061239
445,17,showthread.php?t=20059483
446,17,showthread.php?t=20061148
447,17,showthread.php?t=20061088
448,17,showthread.php?t=20061241
449,17,showthread.php?t=20059131
450,17,showthread.php?t=20061222
451,17,showthread.php?t=20060209
452,17,showthread.php?t=20060904
453,17,showthread.php?t=20061184
454,17,showthread.php?t=20060820
455,17,showthread.php?t=20061091
456,18,showthread.php?t=20061121
457,18,showthread.php?t=20059633
458,18,showthread.php?t=20060336
459,18,showthread.php?t=20061074
460,18,showthread.php?t=20059088
461,18,showthread.php?t=20060566
462,18,showthread.php?t=20060924
463,18,showthread.php?t=20060633
464,18,showthread.php?t=20060808
465,18,showthread.php?t=20061017
466,18,showthread.php?t=20061004
467,18,showthread.php?t=20060816
468,18,showthread.php?t=20057827
469,18,showthread.php?t=20060625
470,18,showthread.php?t=20060926
471,18,showthread.php?t=20060890
472,18,showthread.php?t=20060865
473,18,showthread.php?t=20060874
474,18,showthread.php?t=20060873
475,18,showthread.php?t=20057111
476,18,showthread.php?t=20058666
477,18,showthread.php?t=20059092
478,18,showthread.php?t=20060303
479,18,showthread.php?t=20060822
480,18,showthread.php?t=20060779
481,19,showthread.php?t=20060422
482,19,showthread.php?t=20060346
483,19,showthread.php?t=20060643
484,19,showthread.php?t=20030295
485,19,showthread.php?t=20060614
486,19,showthread.php?t=20060150
487,19,showthread.php?t=20060335
488,19,showthread.php?t=20060514
489,19,showthread.php?t=20060446
490,19,showthread.php?t=20060449
491,19,showthread.php?t=20060448
492,19,showthread.php?t=20057519
493,19,showthread.php?t=20059619
494,19,showthread.php?t=20060322
495,19,showthread.php?t=20060254
496,19,showthread.php?t=20060277
497,19,showthread.php?t=20060092
498,19,showthread.php?t=20059712
499,19,showthread.php?t=20057009
500,19,showthread.php?t=20033594
501,19,showthread.php?t=20055300
502,19,showthread.php?t=20059860
503,19,showthread.php?t=20059887
504,19,showthread.php?t=20059854
505,19,showthread.php?t=20060163
506,20,showthread.php?t=20059228
507,20,showthread.php?t=20056669
508,20,showthread.php?t=20057992
509,20,showthread.php?t=20059451
510,20,showthread.php?t=20060090
511,20,showthread.php?t=20058129
512,20,showthread.php?t=20059948
513,20,showthread.php?t=20059907
514,20,showthread.php?t=20059996
515,20,showthread.php?t=19837206
516,20,showthread.php?t=20054346
517,20,showthread.php?t=20059710
518,20,showthread.php?t=20057500
519,20,showthread.php?t=20059871
520,20,showthread.php?t=20059209
521,20,showthread.php?t=20059850
522,20,showthread.php?t=20059809
523,20,showthread.php?t=20059819
524,20,showthread.php?t=20059568
525,20,showthread.php?t=20059326
526,20,showthread.php?t=20059449
527,20,showthread.php?t=20059499
528,20,showthread.php?t=19935949
529,20,showthread.php?t=20055055
530,20,showthread.php?t=20059423
531,21,showthread.php?t=20058842
532,21,showthread.php?t=20044105
533,21,showthread.php?t=20059383
534,21,showthread.php?t=19830741
535,21,showthread.php?t=19988857
536,21,showthread.php?t=20059180
537,21,showthread.php?t=20059468
538,21,showthread.php?t=20059421
539,21,showthread.php?t=20057776
540,21,showthread.php?t=20059460
541,21,showthread.php?t=20059317
542,21,showthread.php?t=20058205
543,21,showthread.php?t=20059368
544,21,showthread.php?t=20059107
545,21,showthread.php?t=20059219
546,21,showthread.php?t=20059193
547,21,showthread.php?t=20055122
548,21,showthread.php?t=20059004
549,21,showthread.php?t=20059190
550,21,showthread.php?t=20058127
551,21,showthread.php?t=20058959
552,21,showthread.php?t=20056373
553,21,showthread.php?t=20059085
554,21,showthread.php?t=20058423
555,21,showthread.php?t=20058642
556,22,showthread.php?t=19935835
557,22,showthread.php?t=20059027
558,22,showthread.php?t=20057177
559,22,showthread.php?t=20058932
560,22,showthread.php?t=19791891
561,22,showthread.php?t=20057143
562,22,showthread.php?t=20057542
563,22,showthread.php?t=20054563
564,22,showthread.php?t=20057510
565,22,showthread.php?t=20058677
566,22,showthread.php?t=20058675
567,22,showthread.php?t=20058650
568,22,showthread.php?t=20058616
569,22,showthread.php?t=20055124
570,22,showthread.php?t=20058291
571,22,showthread.php?t=20056915
572,22,showthread.php?t=20057931
573,22,showthread.php?t=20056260
574,22,showthread.php?t=20058394
575,22,showthread.php?t=20058277
576,22,showthread.php?t=20057192
577,22,showthread.php?t=20057619
578,22,showthread.php?t=20058033
579,22,showthread.php?t=20056412
580,22,showthread.php?t=20048677
581,23,showthread.php?t=20056815
582,23,showthread.php?t=20017702
583,23,showthread.php?t=20057067
584,23,showthread.php?t=20053064
585,23,showthread.php?t=20056273
586,23,showthread.php?t=20057162
587,23,showthread.php?t=20057816
588,23,showthread.php?t=20057108
589,23,showthread.php?t=20057618
590,23,showthread.php?t=20057370
591,23,showthread.php?t=20057656
592,23,showthread.php?t=20057689
593,23,showthread.php?t=20056816
594,23,showthread.php?t=19852844
595,23,showthread.php?t=20057598
596,23,showthread.php?t=20057051
597,23,showthread.php?t=20056211
598,23,showthread.php?t=20057119
599,23,showthread.php?t=20057103
600,23,showthread.php?t=20057422
601,23,showthread.php?t=20057454
602,23,showthread.php?t=20057412
603,23,showthread.php?t=20054242
604,23,showthread.php?t=20056723
605,23,showthread.php?t=20057096
606,24,showthread.php?t=20057183
607,24,showthread.php?t=20057073
608,24,showthread.php?t=20056094
609,24,showthread.php?t=20057276
610,24,showthread.php?t=20057341
611,24,showthread.php?t=20055655
612,24,showthread.php?t=20057233
613,24,showthread.php?t=20056998
614,24,showthread.php?t=20057253
615,24,showthread.php?t=20055433
616,24,showthread.php?t=20057268
617,24,showthread.php?t=20057173
618,24,showthread.php?t=20055519
619,24,showthread.php?t=20057142
620,24,showthread.php?t=20057206
621,24,showthread.php?t=20057195
622,24,showthread.php?t=20056978
623,24,showthread.php?t=20057120
624,24,showthread.php?t=20056031
625,24,showthread.php?t=20056841
626,24,showthread.php?t=20057042
627,24,showthread.php?t=20057014
628,24,showthread.php?t=20057023
629,24,showthread.php?t=20057018
630,24,showthread.php?t=20056997
631,25,showthread.php?t=20056793
632,25,showthread.php?t=20056885
633,25,showthread.php?t=20056834
634,25,showthread.php?t=20056851
635,25,showthread.php?t=20052390
636,25,showthread.php?t=20056734
637,25,showthread.php?t=20056809
638,25,showthread.php?t=20056327
639,25,showthread.php?t=20056719
640,25,showthread.php?t=19834518
641,25,showthread.php?t=20056501
642,25,showthread.php?t=20056821
643,25,showthread.php?t=20056732
644,25,showthread.php?t=20056756
645,25,showthread.php?t=20056778
646,25,showthread.php?t=20056198
647,25,showthread.php?t=20056773
648,25,showthread.php?t=20056744
649,25,showthread.php?t=20056692
650,25,showthread.php?t=20055100
651,25,showthread.php?t=20056730
652,25,showthread.php?t=20056705
653,25,showthread.php?t=20056700
654,25,showthread.php?t=20056699
655,25,showthread.php?t=20056604
656,26,showthread.php?t=20056686
657,26,showthread.php?t=20056470
658,26,showthread.php?t=20055323
659,26,showthread.php?t=20056519
660,26,showthread.php?t=20034809
661,26,showthread.php?t=20056499
662,26,showthread.php?t=20056513
663,26,showthread.php?t=20056506
664,26,showthread.php?t=20055732
665,26,showthread.php?t=20056420
666,26,showthread.php?t=20056405
667,26,showthread.php?t=20056387
668,26,showthread.php?t=20055196
669,26,showthread.php?t=20056229
670,26,showthread.php?t=20056261
671,26,showthread.php?t=20041481
672,26,showthread.php?t=20054984
673,26,showthread.php?t=20055963
674,26,showthread.php?t=20055340
675,26,showthread.php?t=20056150
676,26,showthread.php?t=20055980
677,26,showthread.php?t=20055611
678,26,showthread.php?t=20055935
679,26,showthread.php?t=20056111
680,26,showthread.php?t=20055833
681,27,showthread.php?t=20055833
682,27,showthread.php?t=20056133
683,27,showthread.php?t=20056125
684,27,showthread.php?t=20054356
685,27,showthread.php?t=20055230
686,27,showthread.php?t=20056034
687,27,showthread.php?t=20055739
688,27,showthread.php?t=19757737
689,27,showthread.php?t=20055958
690,27,showthread.php?t=20055924
691,27,showthread.php?t=20055237
692,27,showthread.php?t=20055735
693,27,showthread.php?t=20055676
694,27,showthread.php?t=20054980
695,27,showthread.php?t=20055209
696,27,showthread.php?t=20055698
697,27,showthread.php?t=20055849
698,27,showthread.php?t=20040187
699,27,showthread.php?t=20055149
700,27,showthread.php?t=20055350
701,27,showthread.php?t=20053501
702,27,showthread.php?t=20055661
703,27,showthread.php?t=20055635
704,27,showthread.php?t=20052497
705,27,showthread.php?t=20054674
706,28,showthread.php?t=20051334
707,28,showthread.php?t=20052537
708,28,showthread.php?t=20055511
709,28,showthread.php?t=19836372
710,28,showthread.php?t=20054558
711,28,showthread.php?t=20055279
712,28,showthread.php?t=20051693
713,28,showthread.php?t=20055427
714,28,showthread.php?t=20052730
715,28,showthread.php?t=20054711
716,28,showthread.php?t=20053961
717,28,showthread.php?t=20055200
718,28,showthread.php?t=20055358
719,28,showthread.php?t=20055241
720,28,showthread.php?t=20055260
721,28,showthread.php?t=20055245
722,28,showthread.php?t=20055287
723,28,showthread.php?t=20053905
724,28,showthread.php?t=20055291
725,28,showthread.php?t=20055273
726,28,showthread.php?t=20055328
727,28,showthread.php?t=20054295
728,28,showthread.php?t=20054520
729,28,showthread.php?t=20054155
730,28,showthread.php?t=20055242
731,29,showthread.php?t=20055169
732,29,showthread.php?t=20055233
733,29,showthread.php?t=20055001
734,29,showthread.php?t=20054844
735,29,showthread.php?t=20055179
736,29,showthread.php?t=20055143
737,29,showthread.php?t=20055225
738,29,showthread.php?t=20054872
739,29,showthread.php?t=20055166
740,29,showthread.php?t=20055026
741,29,showthread.php?t=20055129
742,29,showthread.php?t=20051811
743,29,showthread.php?t=20054876
744,29,showthread.php?t=20034145
745,29,showthread.php?t=20053441
746,29,showthread.php?t=18954478
747,29,showthread.php?t=20054919
748,29,showthread.php?t=20054952
749,29,showthread.php?t=20054888
750,29,showthread.php?t=20054895
751,29,showthread.php?t=20054892
752,29,showthread.php?t=20054756
753,29,showthread.php?t=20054848
754,29,showthread.php?t=20054049
755,29,showthread.php?t=20054701
756,30,showthread.php?t=20054752
757,30,showthread.php?t=20053136
758,30,showthread.php?t=20053362
759,30,showthread.php?t=20054013
760,30,showthread.php?t=20054729
761,30,showthread.php?t=20054029
762,30,showthread.php?t=20054211
763,30,showthread.php?t=20054663
764,30,showthread.php?t=20052854
765,30,showthread.php?t=20054451
766,30,showthread.php?t=20052224
767,30,showthread.php?t=20054472
768,30,showthread.php?t=20054262
769,30,showthread.php?t=20054602
770,30,showthread.php?t=20054189
771,30,showthread.php?t=20054463
772,30,showthread.php?t=20053712
773,30,showthread.php?t=20054530
774,30,showthread.php?t=20053121
775,30,showthread.php?t=20054522
776,30,showthread.php?t=20054505
777,30,showthread.php?t=20053668
778,30,showthread.php?t=20054497
779,30,showthread.php?t=20054167
780,30,showthread.php?t=20053500
781,31,showthread.php?t=20054098
782,31,showthread.php?t=20045448
783,31,showthread.php?t=20054143
784,31,showthread.php?t=20053865
785,31,showthread.php?t=20054170
786,31,showthread.php?t=20050951
787,31,showthread.php?t=20054157
788,31,showthread.php?t=20054034
789,31,showthread.php?t=20053956
790,31,showthread.php?t=20051673
791,31,showthread.php?t=20053952
792,31,showthread.php?t=20054064
793,31,showthread.php?t=20053451
794,31,showthread.php?t=20053801
795,31,showthread.php?t=19985373
796,31,showthread.php?t=20053615
797,31,showthread.php?t=20052813
798,31,showthread.php?t=20053048
799,31,showthread.php?t=20050550
800,31,showthread.php?t=20053610
801,31,showthread.php?t=20053900
802,31,showthread.php?t=20053486
803,31,showthread.php?t=20053625
804,31,showthread.php?t=20053788
805,31,showthread.php?t=20053880
806,32,showthread.php?t=20053774
807,32,showthread.php?t=19940168
808,32,showthread.php?t=20053735
809,32,showthread.php?t=20052405
810,32,showthread.php?t=20052662
811,32,showthread.php?t=20053815
812,32,showthread.php?t=20053313
813,32,showthread.php?t=20053382
814,32,showthread.php?t=20002875
815,32,showthread.php?t=20052696
816,32,showthread.php?t=20053245
817,32,showthread.php?t=20052052
818,32,showthread.php?t=20053648
819,32,showthread.php?t=20053045
820,32,showthread.php?t=20053510
821,32,showthread.php?t=20052565
822,32,showthread.php?t=20053179
823,32,showthread.php?t=20053584
824,32,showthread.php?t=20053536
825,32,showthread.php?t=20049449
826,32,showthread.php?t=20052619
827,32,showthread.php?t=20053478
828,32,showthread.php?t=20053480
829,32,showthread.php?t=20047680
830,32,showthread.php?t=20052584
831,33,showthread.php?t=20052953
832,33,showthread.php?t=20052955
833,33,showthread.php?t=20050955
834,33,showthread.php?t=20053140
835,33,showthread.php?t=20053039
836,33,showthread.php?t=20053037
837,33,showthread.php?t=20021272
838,33,showthread.php?t=20053010
839,33,showthread.php?t=20053003
840,33,showthread.php?t=20051993
841,33,showthread.php?t=20052701
842,33,showthread.php?t=20052691
843,33,showthread.php?t=20052311
844,33,showthread.php?t=20052947
845,33,showthread.php?t=20052842
846,33,showthread.php?t=20047626
847,33,showthread.php?t=20051205
848,33,showthread.php?t=20051934
849,33,showthread.php?t=20052810
850,33,showthread.php?t=20052756
851,33,showthread.php?t=20049931
852,33,showthread.php?t=20052716
853,33,showthread.php?t=20049694
854,33,showthread.php?t=20052281
855,33,showthread.php?t=20051954
856,34,showthread.php?t=20051311
857,34,showthread.php?t=20052592
858,34,showthread.php?t=20052151
859,34,showthread.php?t=20052411
860,34,showthread.php?t=20051868
861,34,showthread.php?t=20052550
862,34,showthread.php?t=20049178
863,34,showthread.php?t=20049860
864,34,showthread.php?t=20052159
865,34,showthread.php?t=20052261
866,34,showthread.php?t=20051819
867,34,showthread.php?t=20052060
868,34,showthread.php?t=20051291
869,34,showthread.php?t=20052373
870,34,showthread.php?t=20052153
871,34,showthread.php?t=20052184
872,34,showthread.php?t=20051802
873,34,showthread.php?t=20051696
874,34,showthread.php?t=20052179
875,34,showthread.php?t=20052215
876,34,showthread.php?t=20051794
877,34,showthread.php?t=20052009
878,34,showthread.php?t=20051948
879,34,showthread.php?t=20052036
880,34,showthread.php?t=20051575
881,35,showthread.php?t=20051923
882,35,showthread.php?t=20051328
883,35,showthread.php?t=20051607
884,35,showthread.php?t=20051069
885,35,showthread.php?t=20051435
886,35,showthread.php?t=20051672
887,35,showthread.php?t=20048289
888,35,showthread.php?t=20051597
889,35,showthread.php?t=20049753
890,35,showthread.php?t=20051708
891,35,showthread.php?t=20050203
892,35,showthread.php?t=20051590
893,35,showthread.php?t=20050868
894,35,showthread.php?t=20051468
895,35,showthread.php?t=20050913
896,35,showthread.php?t=20051617
897,35,showthread.php?t=20048749
898,35,showthread.php?t=20051525
899,35,showthread.php?t=20051591
900,35,showthread.php?t=20051042
901,35,showthread.php?t=20051541
902,35,showthread.php?t=20051462
903,35,showthread.php?t=20033277
904,35,showthread.php?t=20051060
905,35,showthread.php?t=20042669
906,36,showthread.php?t=20051259
907,36,showthread.php?t=20051199
908,36,showthread.php?t=20050852
909,36,showthread.php?t=20051306
910,36,showthread.php?t=20051260
911,36,showthread.php?t=20050990
912,36,showthread.php?t=20050866
913,36,showthread.php?t=20051276
914,36,showthread.php?t=20050718
915,36,showthread.php?t=20051268
916,36,showthread.php?t=20051050
917,36,showthread.php?t=20051063
918,36,showthread.php?t=20051051
919,36,showthread.php?t=20048246
920,36,showthread.php?t=20051080
921,36,showthread.php?t=20050986
922,36,showthread.php?t=20050815
923,36,showthread.php?t=19993993
924,36,showthread.php?t=20050414
925,36,showthread.php?t=20050872
926,36,showthread.php?t=20050817
927,36,showthread.php?t=20050697
928,36,showthread.php?t=20050693
929,36,showthread.php?t=20049876
930,36,showthread.php?t=20028934
931,37,showthread.php?t=20049633
932,37,showthread.php?t=20050834
933,37,showthread.php?t=20050814
934,37,showthread.php?t=20050405
935,37,showthread.php?t=20050004
936,37,showthread.php?t=20050683
937,37,showthread.php?t=20050291
938,37,showthread.php?t=20050537
939,37,showthread.php?t=20050472
940,37,showthread.php?t=20049887
941,37,showthread.php?t=20050248
942,37,showthread.php?t=20050185
943,37,showthread.php?t=20050479
944,37,showthread.php?t=20050558
945,37,showthread.php?t=19985432
946,37,showthread.php?t=20050284
947,37,showthread.php?t=20046748
948,37,showthread.php?t=20050311
949,37,showthread.php?t=20050469
950,37,showthread.php?t=20049196
951,37,showthread.php?t=20050350
952,37,showthread.php?t=20050431
953,37,showthread.php?t=20050439
954,37,showthread.php?t=20045504
955,37,showthread.php?t=20049747
956,38,showthread.php?t=20050387
957,38,showthread.php?t=20049888
958,38,showthread.php?t=20049758
959,38,showthread.php?t=20049401
960,38,showthread.php?t=20049732
961,38,showthread.php?t=20050137
962,38,showthread.php?t=20049239
963,38,showthread.php?t=20048249
964,38,showthread.php?t=20048420
965,38,showthread.php?t=20050135
966,38,showthread.php?t=20049934
967,38,showthread.php?t=20050152
968,38,showthread.php?t=20049287
969,38,showthread.php?t=20049659
970,38,showthread.php?t=20049338
971,38,showthread.php?t=20049930
972,38,showthread.php?t=20050122
973,38,showthread.php?t=20049373
974,38,showthread.php?t=20050110
975,38,showthread.php?t=20048656
976,38,showthread.php?t=20049533
977,38,showthread.php?t=20048251
978,38,showthread.php?t=20049381
979,38,showthread.php?t=20049993
980,38,showthread.php?t=20049927
981,39,showthread.php?t=20049745
982,39,showthread.php?t=20049882
983,39,showthread.php?t=20049508
984,39,showthread.php?t=20049891
985,39,showthread.php?t=20049804
986,39,showthread.php?t=20048336
987,39,showthread.php?t=20049759
988,39,showthread.php?t=20049629
989,39,showthread.php?t=20048133
990,39,showthread.php?t=20048481
991,39,showthread.php?t=20049609
992,39,showthread.php?t=20049109
993,39,showthread.php?t=20046171
994,39,showthread.php?t=20047954
995,39,showthread.php?t=20044712
996,39,showthread.php?t=20047719
997,39,showthread.php?t=20049385
998,39,showthread.php?t=20049284
999,39,showthread.php?t=20049484
1000,39,showthread.php?t=20048917
1001,39,showthread.php?t=20049424
1002,39,showthread.php?t=20049457
1003,39,showthread.php?t=20049434
1004,39,showthread.php?t=20049359
1005,39,showthread.php?t=20049398
1006,40,showthread.php?t=20049392
1007,40,showthread.php?t=20049384
1008,40,showthread.php?t=20048325
1009,40,showthread.php?t=20047981
1010,40,showthread.php?t=20045967
1011,40,showthread.php?t=20049180
1012,40,showthread.php?t=20048679
1013,40,showthread.php?t=20049156
1014,40,showthread.php?t=20047773
1015,40,showthread.php?t=20049129
1016,40,showthread.php?t=20048509
1017,40,showthread.php?t=20048598
1018,40,showthread.php?t=20048921
1019,40,showthread.php?t=20049075
1020,40,showthread.php?t=20047603
1021,40,showthread.php?t=20048704
1022,40,showthread.php?t=20048994
1023,40,showthread.php?t=20047944
1024,40,showthread.php?t=20047904
1025,40,showthread.php?t=20048572
1026,40,showthread.php?t=20048563
1027,40,showthread.php?t=20048966
1028,40,showthread.php?t=20048568
1029,40,showthread.php?t=20048926
1030,40,showthread.php?t=20047335
1031,41,showthread.php?t=20048911
1032,41,showthread.php?t=20048764
1033,41,showthread.php?t=20048851
1034,41,showthread.php?t=20048601
1035,41,showthread.php?t=20048608
1036,41,showthread.php?t=20048410
1037,41,showthread.php?t=20047371
1038,41,showthread.php?t=20048741
1039,41,showthread.php?t=19597805
1040,41,showthread.php?t=20048695
1041,41,showthread.php?t=20048433
1042,41,showthread.php?t=20047350
1043,41,showthread.php?t=20048585
1044,41,showthread.php?t=20048624
1045,41,showthread.php?t=20048634
1046,41,showthread.php?t=20045421
1047,41,showthread.php?t=20048448
1048,41,showthread.php?t=20045476
1049,41,showthread.php?t=20047874
1050,41,showthread.php?t=20040329
1051,41,showthread.php?t=20047242
1052,41,showthread.php?t=20048088
1053,41,showthread.php?t=20046187
1054,41,showthread.php?t=20048213
1055,41,showthread.php?t=20048185
1056,42,showthread.php?t=20048182
1057,42,showthread.php?t=20048178
1058,42,showthread.php?t=20047803
1059,42,showthread.php?t=20048119
1060,42,showthread.php?t=20046971
1061,42,showthread.php?t=20047738
1062,42,showthread.php?t=20045857
1063,42,showthread.php?t=20047947
1064,42,showthread.php?t=20047970
1065,42,showthread.php?t=20047963
1066,42,showthread.php?t=20047952
1067,42,showthread.php?t=20046831
1068,42,showthread.php?t=20046515
1069,42,showthread.php?t=20047908
1070,42,showthread.php?t=20047097
1071,42,showthread.php?t=20047895
1072,42,showthread.php?t=20047781
1073,42,showthread.php?t=19960649
1074,42,showthread.php?t=20047490
1075,42,showthread.php?t=20047218
1076,42,showthread.php?t=20046857
1077,42,showthread.php?t=20047749
1078,42,showthread.php?t=20046985
1079,42,showthread.php?t=20045924
1080,42,showthread.php?t=20047316
1081,43,showthread.php?t=20047722
1082,43,showthread.php?t=20047601
1083,43,showthread.php?t=20047558
1084,43,showthread.php?t=20047572
1085,43,showthread.php?t=20047528
1086,43,showthread.php?t=20045986
1087,43,showthread.php?t=20047384
1088,43,showthread.php?t=20045779
1089,43,showthread.php?t=20046816
1090,43,showthread.php?t=20047255
1091,43,showthread.php?t=20047382
1092,43,showthread.php?t=20047524
1093,43,showthread.php?t=20047569
1094,43,showthread.php?t=20047516
1095,43,showthread.php?t=20046704
1096,43,showthread.php?t=19894242
1097,43,showthread.php?t=20047280
1098,43,showthread.php?t=20046204
1099,43,showthread.php?t=20047277
1100,43,showthread.php?t=20047047
1101,43,showthread.php?t=20046973
1102,43,showthread.php?t=20046273
1103,43,showthread.php?t=20047292
1104,43,showthread.php?t=20046519
1105,43,showthread.php?t=20047042
1106,44,showthread.php?t=20047183
1107,44,showthread.php?t=20047021
1108,44,showthread.php?t=20046950
1109,44,showthread.php?t=20046728
1110,44,showthread.php?t=20047162
1111,44,showthread.php?t=20047151
1112,44,showthread.php?t=20046317
1113,44,showthread.php?t=20046814
1114,44,showthread.php?t=20046308
1115,44,showthread.php?t=20045719
1116,44,showthread.php?t=20046667
1117,44,showthread.php?t=20046905
1118,44,showthread.php?t=20046879
1119,44,showthread.php?t=20044758
1120,44,showthread.php?t=20045640
1121,44,showthread.php?t=20046780
1122,44,showthread.php?t=20046302
1123,44,showthread.php?t=20046588
1124,44,showthread.php?t=20046454
1125,44,showthread.php?t=20046619
1126,44,showthread.php?t=20046682
1127,44,showthread.php?t=19671238
1128,44,showthread.php?t=20046644
1129,44,showthread.php?t=20046560
1130,44,showthread.php?t=20043256
1131,45,showthread.php?t=20045318
1132,45,showthread.php?t=20046050
1133,45,showthread.php?t=20046464
1134,45,showthread.php?t=19995607
1135,45,showthread.php?t=20046114
1136,45,showthread.php?t=20046438
1137,45,showthread.php?t=20044800
1138,45,showthread.php?t=20046408
1139,45,showthread.php?t=20046288
1140,45,showthread.php?t=20046384
1141,45,showthread.php?t=20046111
1142,45,showthread.php?t=20046240
1143,45,showthread.php?t=20046257
1144,45,showthread.php?t=20046172
1145,45,showthread.php?t=20045723
1146,45,showthread.php?t=20045944
1147,45,showthread.php?t=20045512
1148,45,showthread.php?t=20046042
1149,45,showthread.php?t=20045598
1150,45,showthread.php?t=20045980
1151,45,showthread.php?t=20046070
1152,45,showthread.php?t=20045904
1153,45,showthread.php?t=20045336
1154,45,showthread.php?t=20045902
1155,45,showthread.php?t=20046039
1156,46,showthread.php?t=20046022
1157,46,showthread.php?t=20043648
1158,46,showthread.php?t=20043891
1159,46,showthread.php?t=20045771
1160,46,showthread.php?t=20045636
1161,46,showthread.php?t=20045577
1162,46,showthread.php?t=20045889
1163,46,showthread.php?t=20045818
1164,46,showthread.php?t=20045757
1165,46,showthread.php?t=20045585
1166,46,showthread.php?t=20044083
1167,46,showthread.php?t=20045744
1168,46,showthread.php?t=20045601
1169,46,showthread.php?t=20039116
1170,46,showthread.php?t=20045766
1171,46,showthread.php?t=20045485
1172,46,showthread.php?t=20045670
1173,46,showthread.php?t=20045591
1174,46,showthread.php?t=20045497
1175,46,showthread.php?t=20045612
1176,46,showthread.php?t=20045272
1177,46,showthread.php?t=20045251
1178,46,showthread.php?t=20045484
1179,46,showthread.php?t=20044486
1180,46,showthread.php?t=20044517
1181,47,showthread.php?t=20045152
1182,47,showthread.php?t=20045489
1183,47,showthread.php?t=20045471
1184,47,showthread.php?t=20045418
1185,47,showthread.php?t=20045328
1186,47,showthread.php?t=20045110
1187,47,showthread.php?t=20045057
1188,47,showthread.php?t=20045274
1189,47,showthread.php?t=20045316
1190,47,showthread.php?t=20045338
1191,47,showthread.php?t=20045306
1192,47,showthread.php?t=20045292
1193,47,showthread.php?t=20044621
1194,47,showthread.php?t=20045103
1195,47,showthread.php?t=20045219
1196,47,showthread.php?t=20045024
1197,47,showthread.php?t=19965243
1198,47,showthread.php?t=20041520
1199,47,showthread.php?t=20044625
1200,47,showthread.php?t=20044837
1201,47,showthread.php?t=19314080
1202,47,showthread.php?t=20044936
1203,47,showthread.php?t=20044884
1204,47,showthread.php?t=20044796
1205,47,showthread.php?t=20041311
1206,48,showthread.php?t=20044988
1207,48,showthread.php?t=20044408
1208,48,showthread.php?t=20044871
1209,48,showthread.php?t=20044825
1210,48,showthread.php?t=20044999
1211,48,showthread.php?t=20041875
1212,48,showthread.php?t=20044905
1213,48,showthread.php?t=19942758
1214,48,showthread.php?t=20044371
1215,48,showthread.php?t=20044688
1216,48,showthread.php?t=20044729
1217,48,showthread.php?t=20044562
1218,48,showthread.php?t=20044585
1219,48,showthread.php?t=20042729
1220,48,showthread.php?t=20042525
1221,48,showthread.php?t=20042447
1222,48,showthread.php?t=20044301
1223,48,showthread.php?t=20042589
1224,48,showthread.php?t=20044702
1225,48,showthread.php?t=20044508
1226,48,showthread.php?t=20043198
1227,48,showthread.php?t=20044685
1228,48,showthread.php?t=20044612
1229,48,showthread.php?t=20044472
1230,48,showthread.php?t=20044448
1231,49,showthread.php?t=20044302
1232,49,showthread.php?t=20044453
1233,49,showthread.php?t=20044435
1234,49,showthread.php?t=19811857
1235,49,showthread.php?t=20044355
1236,49,showthread.php?t=20044549
1237,49,showthread.php?t=20044464
1238,49,showthread.php?t=20043978
1239,49,showthread.php?t=20044374
1240,49,showthread.php?t=20044456
1241,49,showthread.php?t=20044454
1242,49,showthread.php?t=20044455
1243,49,showthread.php?t=20044445
1244,49,showthread.php?t=20042792
1245,49,showthread.php?t=19574809
1246,49,showthread.php?t=20043582
1247,49,showthread.php?t=20044221
1248,49,showthread.php?t=20044333
1249,49,showthread.php?t=20041328
1250,49,showthread.php?t=20044341
1251,49,showthread.php?t=20041701
1252,49,showthread.php?t=20030230
1253,49,showthread.php?t=20043679
1254,49,showthread.php?t=20044190
1255,49,showthread.php?t=20042955
1256,50,showthread.php?t=20043430
1257,50,showthread.php?t=20044222
1258,50,showthread.php?t=20044116
1259,50,showthread.php?t=20044096
1260,50,showthread.php?t=20042902
1261,50,showthread.php?t=20035129
1262,50,showthread.php?t=20043232
1263,50,showthread.php?t=20044138
1264,50,showthread.php?t=20044133
1265,50,showthread.php?t=20044118
1266,50,showthread.php?t=20042464
1267,50,showthread.php?t=20043864
1268,50,showthread.php?t=20043833
1269,50,showthread.php?t=20044009
1270,50,showthread.php?t=20043681
1271,50,showthread.php?t=19969908
1272,50,showthread.php?t=20043432
1273,50,showthread.php?t=20043971
1274,50,showthread.php?t=20043941
1275,50,showthread.php?t=20043583
1276,50,showthread.php?t=20042973
1277,50,showthread.php?t=20043674
1278,50,showthread.php?t=20043452
1279,50,showthread.php?t=20043873
1280,50,showthread.php?t=20043797
1281,51,showthread.php?t=20043872
1282,51,showthread.php?t=20043822
1283,51,showthread.php?t=20043067
1284,51,showthread.php?t=19937185
1285,51,showthread.php?t=20042649
1286,51,showthread.php?t=20043356
1287,51,showthread.php?t=20043172
1288,51,showthread.php?t=20043471
1289,51,showthread.php?t=20042986
1290,51,showthread.php?t=20040993
1291,51,showthread.php?t=20040768
1292,51,showthread.php?t=19532237
1293,51,showthread.php?t=20043332
1294,51,showthread.php?t=20043363
1295,51,showthread.php?t=19744584
1296,51,showthread.php?t=20043297
1297,51,showthread.php?t=20042948
1298,51,showthread.php?t=20040848
1299,51,showthread.php?t=20006097
1300,51,showthread.php?t=20043192
1301,51,showthread.php?t=20042850
1302,51,showthread.php?t=20042700
1303,51,showthread.php?t=20041990
1304,51,showthread.php?t=20043010
1305,51,showthread.php?t=20043035
1306,52,showthread.php?t=20043041
1307,52,showthread.php?t=20042109
1308,52,showthread.php?t=20040786
1309,52,showthread.php?t=20033816
1310,52,showthread.php?t=20038824
1311,52,showthread.php?t=20041886
1312,52,showthread.php?t=20043017
1313,52,showthread.php?t=20042108
1314,52,showthread.php?t=20042518
1315,52,showthread.php?t=20042228
1316,52,showthread.php?t=20042489
1317,52,showthread.php?t=20033850
1318,52,showthread.php?t=19992430
1319,52,showthread.php?t=20042815
1320,52,showthread.php?t=20042776
1321,52,showthread.php?t=20042221
1322,52,showthread.php?t=20040996
1323,52,showthread.php?t=20042416
1324,52,showthread.php?t=20042733
1325,52,showthread.php?t=20040377
1326,52,showthread.php?t=20042670
1327,52,showthread.php?t=20039679
1328,52,showthread.php?t=19971977
1329,52,showthread.php?t=20042417
1330,52,showthread.php?t=20042566
1331,53,showthread.php?t=20040748
1332,53,showthread.php?t=20042428
1333,53,showthread.php?t=20041810
1334,53,showthread.php?t=20042441
1335,53,showthread.php?t=20019874
1336,53,showthread.php?t=20042389
1337,53,showthread.php?t=20042370
1338,53,showthread.php?t=20042377
1339,53,showthread.php?t=20041970
1340,53,showthread.php?t=20042497
1341,53,showthread.php?t=19840652
1342,53,showthread.php?t=20042384
1343,53,showthread.php?t=19980563
1344,53,showthread.php?t=20042486
1345,53,showthread.php?t=20040253
1346,53,showthread.php?t=20042452
1347,53,showthread.php?t=20041401
1348,53,showthread.php?t=20042335
1349,53,showthread.php?t=20040336
1350,53,showthread.php?t=20042311
1351,53,showthread.php?t=20041881
1352,53,showthread.php?t=20041513
1353,53,showthread.php?t=20039602
1354,53,showthread.php?t=20040111
1355,53,showthread.php?t=20041310
1356,54,showthread.php?t=20041455
1357,54,showthread.php?t=20042177
1358,54,showthread.php?t=20042123
1359,54,showthread.php?t=20042192
1360,54,showthread.php?t=20042141
1361,54,showthread.php?t=20041921
1362,54,showthread.php?t=20041939
1363,54,showthread.php?t=20042114
1364,54,showthread.php?t=20041953
1365,54,showthread.php?t=20041741
1366,54,showthread.php?t=20041702
1367,54,showthread.php?t=20042047
1368,54,showthread.php?t=20041969
1369,54,showthread.php?t=20041980
1370,54,showthread.php?t=20041523
1371,54,showthread.php?t=20041941
1372,54,showthread.php?t=20040418
1373,54,showthread.php?t=20040936
1374,54,showthread.php?t=20039201
1375,54,showthread.php?t=20041507
1376,54,showthread.php?t=20040314
1377,54,showthread.php?t=20041690
1378,54,showthread.php?t=20041420
1379,54,showthread.php?t=20041566
1380,54,showthread.php?t=20041642
1381,55,showthread.php?t=20041724
1382,55,showthread.php?t=20041419
1383,55,showthread.php?t=20041018
1384,55,showthread.php?t=20040750
1385,55,showthread.php?t=20041501
1386,55,showthread.php?t=20041643
1387,55,showthread.php?t=20029923
1388,55,showthread.php?t=20041175
1389,55,showthread.php?t=20041678
1390,55,showthread.php?t=20041204
1391,55,showthread.php?t=20041497
1392,55,showthread.php?t=20039136
1393,55,showthread.php?t=20041116
1394,55,showthread.php?t=20041498
1395,55,showthread.php?t=20039740
1396,55,showthread.php?t=20041368
1397,55,showthread.php?t=20041344
1398,55,showthread.php?t=20041333
1399,55,showthread.php?t=20040353
1400,55,showthread.php?t=20041327
1401,55,showthread.php?t=20041043
1402,55,showthread.php?t=20041193
1403,55,showthread.php?t=20039900
1404,55,showthread.php?t=20040173
1405,55,showthread.php?t=20040131
1406,56,showthread.php?t=20041132
1407,56,showthread.php?t=20040109
1408,56,showthread.php?t=20041063
1409,56,showthread.php?t=20041009
1410,56,showthread.php?t=20041103
1411,56,showthread.php?t=20040362
1412,56,showthread.php?t=20033182
1413,56,showthread.php?t=20041058
1414,56,showthread.php?t=20040935
1415,56,showthread.php?t=20040640
1416,56,showthread.php?t=20040944
1417,56,showthread.php?t=20039677
1418,56,showthread.php?t=20040918
1419,56,showthread.php?t=20040925
1420,56,showthread.php?t=20040416
1421,56,showthread.php?t=20040404
1422,56,showthread.php?t=20040840
1423,56,showthread.php?t=20038436
1424,56,showthread.php?t=20040745
1425,56,showthread.php?t=20040690
1426,56,showthread.php?t=20040817
1427,56,showthread.php?t=20040693
1428,56,showthread.php?t=20040667
1429,56,showthread.php?t=20040757
1430,56,showthread.php?t=20040731
1431,57,showthread.php?t=20040645
1432,57,showthread.php?t=20037967
1433,57,showthread.php?t=20040055
1434,57,showthread.php?t=20040712
1435,57,showthread.php?t=20040606
1436,57,showthread.php?t=20040703
1437,57,showthread.php?t=20040429
1438,57,showthread.php?t=20039001
1439,57,showthread.php?t=20040545
1440,57,showthread.php?t=20040627
1441,57,showthread.php?t=20040603
1442,57,showthread.php?t=20040435
1443,57,showthread.php?t=20040224
1444,57,showthread.php?t=20039995
1445,57,showthread.php?t=20040550
1446,57,showthread.php?t=20040142
1447,57,showthread.php?t=20040193
1448,57,showthread.php?t=20039762
1449,57,showthread.php?t=20040441
1450,57,showthread.php?t=20040410
1451,57,showthread.php?t=20040425
1452,57,showthread.php?t=20040442
1453,57,showthread.php?t=20040039
1454,57,showthread.php?t=20040197
1455,57,showthread.php?t=20014127
1456,58,showthread.php?t=20040147
1457,58,showthread.php?t=20040064
1458,58,showthread.php?t=20040144
1459,58,showthread.php?t=20040020
1460,58,showthread.php?t=20039673
1461,58,showthread.php?t=20040249
1462,58,showthread.php?t=20040199
1463,58,showthread.php?t=20040208
1464,58,showthread.php?t=20040201
1465,58,showthread.php?t=20039760
1466,58,showthread.php?t=20040125
1467,58,showthread.php?t=20039168
1468,58,showthread.php?t=20040035
1469,58,showthread.php?t=20039216
1470,58,showthread.php?t=20039877
1471,58,showthread.php?t=20039859
1472,58,showthread.php?t=20039765
1473,58,showthread.php?t=20039959
1474,58,showthread.php?t=20040030
1475,58,showthread.php?t=20039594
1476,58,showthread.php?t=20039918
1477,58,showthread.php?t=20039688
1478,58,showthread.php?t=20038312
1479,58,showthread.php?t=20039857
1480,58,showthread.php?t=20039867
1481,59,showthread.php?t=20039779
1482,59,showthread.php?t=20028483
1483,59,showthread.php?t=20039784
1484,59,showthread.php?t=20039194
1485,59,showthread.php?t=20039491
1486,59,showthread.php?t=19651694
1487,59,showthread.php?t=20031276
1488,59,showthread.php?t=20039292
1489,59,showthread.php?t=20037183
1490,59,showthread.php?t=20039577
1491,59,showthread.php?t=20039606
1492,59,showthread.php?t=20039467
1493,59,showthread.php?t=20035656
1494,59,showthread.php?t=20039303
1495,59,showthread.php?t=20039463
1496,59,showthread.php?t=20039538
1497,59,showthread.php?t=20037103
1498,59,showthread.php?t=20036946
1499,59,showthread.php?t=20039430
1500,59,showthread.php?t=20039291
1501,59,showthread.php?t=20038047
1502,59,showthread.php?t=20038912
1503,59,showthread.php?t=20039151
1504,59,showthread.php?t=20039486
1505,59,showthread.php?t=20038076
1506,60,showthread.php?t=20039469
1507,60,showthread.php?t=20039386
1508,60,showthread.php?t=20039142
1509,60,showthread.php?t=20039203
1510,60,showthread.php?t=20039108
1511,60,showthread.php?t=20039195
1512,60,showthread.php?t=20038113
1513,60,showthread.php?t=20038318
1514,60,showthread.php?t=20037035
1515,60,showthread.php?t=20039110
1516,60,showthread.php?t=20039132
1517,60,showthread.php?t=20011354
1518,60,showthread.php?t=20038887
1519,60,showthread.php?t=20038441
1520,60,showthread.php?t=20038476
1521,60,showthread.php?t=20038747
1522,60,showthread.php?t=20035012
1523,60,showthread.php?t=20038942
1524,60,showthread.php?t=20037607
1525,60,showthread.php?t=20038827
1526,60,showthread.php?t=20032435
1527,60,showthread.php?t=20033420
1528,60,showthread.php?t=20038813
1529,60,showthread.php?t=20038367
1530,60,showthread.php?t=20038400
1531,61,showthread.php?t=20038438
1532,61,showthread.php?t=20038623
1533,61,showthread.php?t=20038701
1534,61,showthread.php?t=20038518
1535,61,showthread.php?t=20038451
1536,61,showthread.php?t=20038682
1537,61,showthread.php?t=20037155
1538,61,showthread.php?t=20038649
1539,61,showthread.php?t=20038495
1540,61,showthread.php?t=20038237
1541,61,showthread.php?t=20038493
1542,61,showthread.php?t=20035421
1543,61,showthread.php?t=20038175
1544,61,showthread.php?t=20038373
1545,61,showthread.php?t=20038423
1546,61,showthread.php?t=20038358
1547,61,showthread.php?t=20038210
1548,61,showthread.php?t=20038196
1549,61,showthread.php?t=20037800
1550,61,showthread.php?t=20038224
1551,61,showthread.php?t=20038248
1552,61,showthread.php?t=20038202
1553,61,showthread.php?t=20038332
1554,61,showthread.php?t=20037940
1555,61,showthread.php?t=20038232
1556,62,showthread.php?t=20038214
1557,62,showthread.php?t=20037142
1558,62,showthread.php?t=20038245
1559,62,showthread.php?t=19541347
1560,62,showthread.php?t=20038190
1561,62,showthread.php?t=20037452
1562,62,showthread.php?t=20038046
1563,62,showthread.php?t=20038145
1564,62,showthread.php?t=20036768
1565,62,showthread.php?t=20038159
1566,62,showthread.php?t=19933923
1567,62,showthread.php?t=20037606
1568,62,showthread.php?t=20038067
1569,62,showthread.php?t=20038032
1570,62,showthread.php?t=20037876
1571,62,showthread.php?t=20037921
1572,62,showthread.php?t=20037175
1573,62,showthread.php?t=20036470
1574,62,showthread.php?t=20037937
1575,62,showthread.php?t=20037922
1576,62,showthread.php?t=20037847
1577,62,showthread.php?t=20037656
1578,62,showthread.php?t=20037294
1579,62,showthread.php?t=20037622
1580,62,showthread.php?t=20035968
1581,63,showthread.php?t=20037583
1582,63,showthread.php?t=20035669
1583,63,showthread.php?t=20037243
1584,63,showthread.php?t=20037389
1585,63,showthread.php?t=20037176
1586,63,showthread.php?t=20037028
1587,63,showthread.php?t=20036420
1588,63,showthread.php?t=20037674
1589,63,showthread.php?t=20037773
1590,63,showthread.php?t=20037766
1591,63,showthread.php?t=20033811
1592,63,showthread.php?t=20037659
1593,63,showthread.php?t=20036848
1594,63,showthread.php?t=20037638
1595,63,showthread.php?t=20036556
1596,63,showthread.php?t=20037596
1597,63,showthread.php?t=20037520
1598,63,showthread.php?t=20037411
1599,63,showthread.php?t=20028398
1600,63,showthread.php?t=20037499
1601,63,showthread.php?t=20037020
1602,63,showthread.php?t=20037496
1603,63,showthread.php?t=20037474
1604,63,showthread.php?t=20037404
1605,63,showthread.php?t=20037128
1606,64,showthread.php?t=20037464
1607,64,showthread.php?t=20037458
1608,64,showthread.php?t=20036921
1609,64,showthread.php?t=20037330
1610,64,showthread.php?t=20037270
1611,64,showthread.php?t=20037234
1612,64,showthread.php?t=20036489
1613,64,showthread.php?t=20036212
1614,64,showthread.php?t=19995480
1615,64,showthread.php?t=20037134
1616,64,showthread.php?t=20029058
1617,64,showthread.php?t=20036021
1618,64,showthread.php?t=20037104
1619,64,showthread.php?t=20037110
1620,64,showthread.php?t=20036965
1621,64,showthread.php?t=20035096
1622,64,showthread.php?t=20037010
1623,64,showthread.php?t=20036911
1624,64,showthread.php?t=20037114
1625,64,showthread.php?t=20034941
1626,64,showthread.php?t=20036902
1627,64,showthread.php?t=20036729
1628,64,showthread.php?t=20036961
1629,64,showthread.php?t=20036744
1630,64,showthread.php?t=20035175
1631,65,showthread.php?t=20037065
1632,65,showthread.php?t=20037002
1633,65,showthread.php?t=20036608
1634,65,showthread.php?t=20036815
1635,65,showthread.php?t=20036951
1636,65,showthread.php?t=20036931
1637,65,showthread.php?t=20036898
1638,65,showthread.php?t=20036791
1639,65,showthread.php?t=20036893
1640,65,showthread.php?t=20036546
1641,65,showthread.php?t=20036264
1642,65,showthread.php?t=20035846
1643,65,showthread.php?t=20036757
1644,65,showthread.php?t=20035479
1645,65,showthread.php?t=20030121
1646,65,showthread.php?t=20035725
1647,65,showthread.php?t=20036310
1648,65,showthread.php?t=20036274
1649,65,showthread.php?t=20030663
1650,65,showthread.php?t=20034040
1651,65,showthread.php?t=20036382
1652,65,showthread.php?t=20036439
1653,65,showthread.php?t=20036409
1654,65,showthread.php?t=20036423
1655,65,showthread.php?t=20036444
1656,66,showthread.php?t=20035442
1657,66,showthread.php?t=20036362
1658,66,showthread.php?t=20035668
1659,66,showthread.php?t=20033261
1660,66,showthread.php?t=20036339
1661,66,showthread.php?t=20036244
1662,66,showthread.php?t=20035957
1663,66,showthread.php?t=20035791
1664,66,showthread.php?t=20036062
1665,66,showthread.php?t=20035947
1666,66,showthread.php?t=20036113
1667,66,showthread.php?t=20036094
1668,66,showthread.php?t=20034955
1669,66,showthread.php?t=20035327
1670,66,showthread.php?t=20036024
1671,66,showthread.php?t=20035553
1672,66,showthread.php?t=20034399
1673,66,showthread.php?t=20034999
1674,66,showthread.php?t=20035900
1675,66,showthread.php?t=20027888
1676,66,showthread.php?t=20035590
1677,66,showthread.php?t=20035785
1678,66,showthread.php?t=20035860
1679,66,showthread.php?t=20035792
1680,66,showthread.php?t=20035807
1681,67,showthread.php?t=20035530
1682,67,showthread.php?t=20032037
1683,67,showthread.php?t=20035610
1684,67,showthread.php?t=20035618
1685,67,showthread.php?t=20035651
1686,67,showthread.php?t=20035501
1687,67,showthread.php?t=20034229
1688,67,showthread.php?t=20035486
1689,67,showthread.php?t=20035152
1690,67,showthread.php?t=20031601
1691,67,showthread.php?t=20035461
1692,67,showthread.php?t=20035576
1693,67,showthread.php?t=20035372
1694,67,showthread.php?t=20035350
1695,67,showthread.php?t=20035492
1696,67,showthread.php?t=20035312
1697,67,showthread.php?t=20027642
1698,67,showthread.php?t=20035385
1699,67,showthread.php?t=20035462
1700,67,showthread.php?t=20035460
1701,67,showthread.php?t=20035450
1702,67,showthread.php?t=20035429
1703,67,showthread.php?t=20035203
1704,67,showthread.php?t=20035369
1705,67,showthread.php?t=20034873
1706,68,showthread.php?t=20023503
1707,68,showthread.php?t=20035326
1708,68,showthread.php?t=20034951
1709,68,showthread.php?t=20035349
1710,68,showthread.php?t=20024162
1711,68,showthread.php?t=20035082
1712,68,showthread.php?t=20035351
1713,68,showthread.php?t=20029287
1714,68,showthread.php?t=20034391
1715,68,showthread.php?t=20020406
1716,68,showthread.php?t=20035159
1717,68,showthread.php?t=20012863
1718,68,showthread.php?t=20035030
1719,68,showthread.php?t=20034466
1720,68,showthread.php?t=20035147
1721,68,showthread.php?t=20035076
1722,68,showthread.php?t=20029181
1723,68,showthread.php?t=20031319
1724,68,showthread.php?t=20023632
1725,68,showthread.php?t=20035057
1726,68,showthread.php?t=20034357
1727,68,showthread.php?t=20034851
1728,68,showthread.php?t=20034825
1729,68,showthread.php?t=20034370
1730,68,showthread.php?t=20034935
1731,69,showthread.php?t=20032345
1732,69,showthread.php?t=20034943
1733,69,showthread.php?t=20034896
1734,69,showthread.php?t=20034872
1735,69,showthread.php?t=19987658
1736,69,showthread.php?t=20026137
1737,69,showthread.php?t=20034321
1738,69,showthread.php?t=20034499
1739,69,showthread.php?t=20021885
1740,69,showthread.php?t=20034689
1741,69,showthread.php?t=20034820
1742,69,showthread.php?t=20034676
1743,69,showthread.php?t=20028872
1744,69,showthread.php?t=19975221
1745,69,showthread.php?t=20033912
1746,69,showthread.php?t=20034691
1747,69,showthread.php?t=20034547
1748,69,showthread.php?t=20033367
1749,69,showthread.php?t=19777889
1750,69,showthread.php?t=20034536
1751,69,showthread.php?t=20034594
1752,69,showthread.php?t=20034419
1753,69,showthread.php?t=20034482
1754,69,showthread.php?t=20028811
1755,69,showthread.php?t=20034464
1756,70,showthread.php?t=20004203
1757,70,showthread.php?t=19971957
1758,70,showthread.php?t=20022160
1759,70,showthread.php?t=20034440
1760,70,showthread.php?t=20034430
1761,70,showthread.php?t=20033838
1762,70,showthread.php?t=19742654
1763,70,showthread.php?t=20033899
1764,70,showthread.php?t=20034104
1765,70,showthread.php?t=20034390
1766,70,showthread.php?t=20033819
1767,70,showthread.php?t=20034088
1768,70,showthread.php?t=20034327
1769,70,showthread.php?t=19810901
1770,70,showthread.php?t=20032491
1771,70,showthread.php?t=20034290
1772,70,showthread.php?t=20033727
1773,70,showthread.php?t=20033219
1774,70,showthread.php?t=20033974
1775,70,showthread.php?t=20028856
1776,70,showthread.php?t=20034028
1777,70,showthread.php?t=19954366
1778,70,showthread.php?t=20033978
1779,70,showthread.php?t=20034081
1780,70,showthread.php?t=20033269
1781,71,showthread.php?t=20031619
1782,71,showthread.php?t=20033678
1783,71,showthread.php?t=19954964
1784,71,showthread.php?t=20033988
1785,71,showthread.php?t=20033553
1786,71,showthread.php?t=20033488
1787,71,showthread.php?t=20033347
1788,71,showthread.php?t=20033836
1789,71,showthread.php?t=20026714
1790,71,showthread.php?t=20032136
1791,71,showthread.php?t=20008549
1792,71,showthread.php?t=20033490
1793,71,showthread.php?t=20033146
1794,71,showthread.php?t=20033310
1795,71,showthread.php?t=20033661
1796,71,showthread.php?t=19820668
1797,71,showthread.php?t=20033493
1798,71,showthread.php?t=20033456
1799,71,showthread.php?t=20033461
1800,71,showthread.php?t=20033394
1801,71,showthread.php?t=20031592
1802,71,showthread.php?t=20033358
1803,71,showthread.php?t=20033363
1804,71,showthread.php?t=20033220
1805,71,showthread.php?t=20020014
1806,72,showthread.php?t=20033163
1807,72,showthread.php?t=20033453
1808,72,showthread.php?t=20032782
1809,72,showthread.php?t=19941566
1810,72,showthread.php?t=19800780
1811,72,showthread.php?t=20020193
1812,72,showthread.php?t=20031803
1813,72,showthread.php?t=20033112
1814,72,showthread.php?t=20033152
1815,72,showthread.php?t=20032032
1816,72,showthread.php?t=20031724
1817,72,showthread.php?t=20033036
1818,72,showthread.php?t=20032791
1819,72,showthread.php?t=20032983
1820,72,showthread.php?t=20032909
1821,72,showthread.php?t=20032985
1822,72,showthread.php?t=20029930
1823,72,showthread.php?t=20029539
1824,72,showthread.php?t=20030694
1825,72,showthread.php?t=20032924
1826,72,showthread.php?t=20032845
1827,72,showthread.php?t=20032014
1828,72,showthread.php?t=20031782
1829,72,showthread.php?t=20032736
1830,72,showthread.php?t=20032797
1831,73,showthread.php?t=20032681
1832,73,showthread.php?t=19954743
1833,73,showthread.php?t=20032670
1834,73,showthread.php?t=20011269
1835,73,showthread.php?t=20032809
1836,73,showthread.php?t=20032810
1837,73,showthread.php?t=20032826
1838,73,showthread.php?t=20032808
1839,73,showthread.php?t=20031962
1840,73,showthread.php?t=20032469
1841,73,showthread.php?t=20032182
1842,73,showthread.php?t=20032512
1843,73,showthread.php?t=20032672
1844,73,showthread.php?t=20031325
1845,73,showthread.php?t=20032625
1846,73,showthread.php?t=20032507
1847,73,showthread.php?t=20031988
1848,73,showthread.php?t=20026061
1849,73,showthread.php?t=20026930
1850,73,showthread.php?t=20031955
1851,73,showthread.php?t=20029256
1852,73,showthread.php?t=20029093
1853,73,showthread.php?t=20031982
1854,73,showthread.php?t=20032348
1855,73,showthread.php?t=20031961
1856,74,showthread.php?t=20032239
1857,74,showthread.php?t=20032088
1858,74,showthread.php?t=20032171
1859,74,showthread.php?t=20029993
1860,74,showthread.php?t=20031829
1861,74,showthread.php?t=20031881
1862,74,showthread.php?t=20029829
1863,74,showthread.php?t=20031939
1864,74,showthread.php?t=20030483
1865,74,showthread.php?t=20028136
1866,74,showthread.php?t=20029248
1867,74,showthread.php?t=20031859
1868,74,showthread.php?t=20030445
1869,74,showthread.php?t=20031740
1870,74,showthread.php?t=20030188
1871,74,showthread.php?t=20029242
1872,74,showthread.php?t=20031040
1873,74,showthread.php?t=20031783
1874,74,showthread.php?t=20031719
1875,74,showthread.php?t=20030801
1876,74,showthread.php?t=20031641
1877,74,showthread.php?t=20031773
1878,74,showthread.php?t=20031751
1879,74,showthread.php?t=20024132
1880,74,showthread.php?t=20031701
1881,75,showthread.php?t=20030416
1882,75,showthread.php?t=20024876
1883,75,showthread.php?t=20031639
1884,75,showthread.php?t=20031191
1885,75,showthread.php?t=20031502
1886,75,showthread.php?t=20030992
1887,75,showthread.php?t=20031363
1888,75,showthread.php?t=20031496
1889,75,showthread.php?t=20030923
1890,75,showthread.php?t=20029669
1891,75,showthread.php?t=20031214
1892,75,showthread.php?t=20031378
1893,75,showthread.php?t=20031370
1894,75,showthread.php?t=20031245
1895,75,showthread.php?t=19969974
1896,75,showthread.php?t=20031111
1897,75,showthread.php?t=20021783
1898,75,showthread.php?t=20031249
1899,75,showthread.php?t=20004021
1900,75,showthread.php?t=20005267
1901,75,showthread.php?t=19955067
1902,75,showthread.php?t=20031244
1903,75,showthread.php?t=20031095
1904,75,showthread.php?t=20031031
1905,75,showthread.php?t=20030543
1906,76,showthread.php?t=20031097
1907,76,showthread.php?t=20030354
1908,76,showthread.php?t=20029410
1909,76,showthread.php?t=20031078
1910,76,showthread.php?t=20030832
1911,76,showthread.php?t=19513192
1912,76,showthread.php?t=20031038
1913,76,showthread.php?t=19838934
1914,76,showthread.php?t=20029777
1915,76,showthread.php?t=20030969
1916,76,showthread.php?t=20029232
1917,76,showthread.php?t=20030862
1918,76,showthread.php?t=20024538
1919,76,showthread.php?t=20030630
1920,76,showthread.php?t=20023621
1921,76,showthread.php?t=20030776
1922,76,showthread.php?t=20029322
1923,76,showthread.php?t=20030293
1924,76,showthread.php?t=20029782
1925,76,showthread.php?t=19000622
1926,76,showthread.php?t=20030565
1927,76,showthread.php?t=20030291
1928,76,showthread.php?t=20030450
1929,76,showthread.php?t=19813792
1930,76,showthread.php?t=20030409
1931,77,showthread.php?t=20030364
1932,77,showthread.php?t=20030144
1933,77,showthread.php?t=20030115
1934,77,showthread.php?t=20030237
1935,77,showthread.php?t=20030283
1936,77,showthread.php?t=20028147
1937,77,showthread.php?t=19631816
1938,77,showthread.php?t=20029794
1939,77,showthread.php?t=20030330
1940,77,showthread.php?t=20030329
1941,77,showthread.php?t=20011443
1942,77,showthread.php?t=20029876
1943,77,showthread.php?t=20030012
1944,77,showthread.php?t=20030117
1945,77,showthread.php?t=20029780
1946,77,showthread.php?t=20029030
1947,77,showthread.php?t=20029948
1948,77,showthread.php?t=20029939
1949,77,showthread.php?t=20029931
1950,77,showthread.php?t=20029303
1951,77,showthread.php?t=20029828
1952,77,showthread.php?t=20029862
1953,77,showthread.php?t=20029703
1954,77,showthread.php?t=20029841
1955,77,showthread.php?t=20029749
1956,78,showthread.php?t=20025194
1957,78,showthread.php?t=20027921
1958,78,showthread.php?t=20029685
1959,78,showthread.php?t=20029496
1960,78,showthread.php?t=20029613
1961,78,showthread.php?t=20011792
1962,78,showthread.php?t=20029055
1963,78,showthread.php?t=20029525
1964,78,showthread.php?t=20029261
1965,78,showthread.php?t=20029241
1966,78,showthread.php?t=20029445
1967,78,showthread.php?t=20029367
1968,78,showthread.php?t=20029011
1969,78,showthread.php?t=20029307
1970,78,showthread.php?t=20027431
1971,78,showthread.php?t=20028914
1972,78,showthread.php?t=19945061
1973,78,showthread.php?t=20027175
1974,78,showthread.php?t=20028254
1975,78,showthread.php?t=20029128
1976,78,showthread.php?t=20027516
1977,78,showthread.php?t=20028414
1978,78,showthread.php?t=20029226
1979,78,showthread.php?t=20025007
1980,78,showthread.php?t=20027057
1981,79,showthread.php?t=20028413
1982,79,showthread.php?t=20023025
1983,79,showthread.php?t=20028585
1984,79,showthread.php?t=20029161
1985,79,showthread.php?t=20028670
1986,79,showthread.php?t=20029122
1987,79,showthread.php?t=20029046
1988,79,showthread.php?t=20019876
1989,79,showthread.php?t=20028597
1990,79,showthread.php?t=20028814
1991,79,showthread.php?t=20029017
1992,79,showthread.php?t=20028951
1993,79,showthread.php?t=20028818
1994,79,showthread.php?t=20028916
1995,79,showthread.php?t=19653344
1996,79,showthread.php?t=20024752
1997,79,showthread.php?t=20028684
1998,79,showthread.php?t=20028635
1999,79,showthread.php?t=20028477
2000,79,showthread.php?t=20028044
2001,79,showthread.php?t=19984849
2002,79,showthread.php?t=20028321
2003,79,showthread.php?t=20028158
2004,79,showthread.php?t=20028426
2005,79,showthread.php?t=20028499
2006,80,showthread.php?t=20028320
2007,80,showthread.php?t=20028164
2008,80,showthread.php?t=20028242
2009,80,showthread.php?t=20027669
2010,80,showthread.php?t=20028251
2011,80,showthread.php?t=20028280
2012,80,showthread.php?t=20028287
2013,80,showthread.php?t=20027873
2014,80,showthread.php?t=20028149
2015,80,showthread.php?t=20028141
2016,80,showthread.php?t=20025293
2017,80,showthread.php?t=20028038
2018,80,showthread.php?t=20028165
2019,80,showthread.php?t=20027387
2020,80,showthread.php?t=20026073
2021,80,showthread.php?t=20023247
2022,80,showthread.php?t=20026498
2023,80,showthread.php?t=20028035
2024,80,showthread.php?t=20028104
2025,80,showthread.php?t=20028058
2026,80,showthread.php?t=20024678
2027,80,showthread.php?t=20024489
2028,80,showthread.php?t=20027842
2029,80,showthread.php?t=20027920
2030,80,showthread.php?t=20027942
2031,81,showthread.php?t=20027933
2032,81,showthread.php?t=20027825
2033,81,showthread.php?t=20027894
2034,81,showthread.php?t=20027856
2035,81,showthread.php?t=20024917
2036,81,showthread.php?t=20027670
2037,81,showthread.php?t=20027097
2038,81,showthread.php?t=19381593
2039,81,showthread.php?t=20022065
2040,81,showthread.php?t=20026489
2041,81,showthread.php?t=20027804
2042,81,showthread.php?t=20027799
2043,81,showthread.php?t=20027770
2044,81,showthread.php?t=20026805
2045,81,showthread.php?t=20027757
2046,81,showthread.php?t=20027156
2047,81,showthread.php?t=20027714
2048,81,showthread.php?t=20026801
2049,81,showthread.php?t=20026229
2050,81,showthread.php?t=20026892
2051,81,showthread.php?t=20027649
2052,81,showthread.php?t=20026040
2053,81,showthread.php?t=20026487
2054,81,showthread.php?t=20027068
2055,81,showthread.php?t=20027268
2056,82,showthread.php?t=20027502
2057,82,showthread.php?t=20027486
2058,82,showthread.php?t=20026424
2059,82,showthread.php?t=20027403
2060,82,showthread.php?t=20026649
2061,82,showthread.php?t=20027215
2062,82,showthread.php?t=20027204
2063,82,showthread.php?t=19886401
2064,82,showthread.php?t=20027085
2065,82,showthread.php?t=20025527
2066,82,showthread.php?t=20026506
2067,82,showthread.php?t=20027170
2068,82,showthread.php?t=20027174
2069,82,showthread.php?t=20026786
2070,82,showthread.php?t=19987083
2071,82,showthread.php?t=20027109
2072,82,showthread.php?t=19645232
2073,82,showthread.php?t=20026429
2074,82,showthread.php?t=20026722
2075,82,showthread.php?t=20026336
2076,82,showthread.php?t=20026750
2077,82,showthread.php?t=20026875
2078,82,showthread.php?t=20026693
2079,82,showthread.php?t=20026789
2080,82,showthread.php?t=19964881
2081,83,showthread.php?t=20024908
2082,83,showthread.php?t=20026564
2083,83,showthread.php?t=20026622
2084,83,showthread.php?t=20005378
2085,83,showthread.php?t=20026479
2086,83,showthread.php?t=20026516
2087,83,showthread.php?t=19998658
2088,83,showthread.php?t=19965310
2089,83,showthread.php?t=20022021
2090,83,showthread.php?t=20026338
2091,83,showthread.php?t=20026278
2092,83,showthread.php?t=20026427
2093,83,showthread.php?t=20025929
2094,83,showthread.php?t=20026250
2095,83,showthread.php?t=20026432
2096,83,showthread.php?t=20026199
2097,83,showthread.php?t=20026084
2098,83,showthread.php?t=20025449
2099,83,showthread.php?t=20026151
2100,83,showthread.php?t=20024482
2101,83,showthread.php?t=20025913
2102,83,showthread.php?t=20026262
2103,83,showthread.php?t=19986615
2104,83,showthread.php?t=20026226
2105,83,showthread.php?t=20026186
2106,84,showthread.php?t=20023605
2107,84,showthread.php?t=20025513
2108,84,showthread.php?t=20026108
2109,84,showthread.php?t=19989865
2110,84,showthread.php?t=20025961
2111,84,showthread.php?t=20026089
2112,84,showthread.php?t=20019327
2113,84,showthread.php?t=20025776
2114,84,showthread.php?t=20025919
2115,84,showthread.php?t=20025112
2116,84,showthread.php?t=20025650
2117,84,showthread.php?t=20025797
2118,84,showthread.php?t=20024772
2119,84,showthread.php?t=20025699
2120,84,showthread.php?t=20025506
2121,84,showthread.php?t=20025465
2122,84,showthread.php?t=19996704
2123,84,showthread.php?t=20019548
2124,84,showthread.php?t=20025536
2125,84,showthread.php?t=20023306
2126,84,showthread.php?t=20025740
2127,84,showthread.php?t=20015731
2128,84,showthread.php?t=20025677
2129,84,showthread.php?t=20025468
2130,84,showthread.php?t=20025134
2131,85,showthread.php?t=20025582
2132,85,showthread.php?t=20025629
2133,85,showthread.php?t=20025283
2134,85,showthread.php?t=20025488
2135,85,showthread.php?t=20011855
2136,85,showthread.php?t=20025411
2137,85,showthread.php?t=20020115
2138,85,showthread.php?t=20025504
2139,85,showthread.php?t=20025132
2140,85,showthread.php?t=20025487
2141,85,showthread.php?t=20025443
2142,85,showthread.php?t=20025128
2143,85,showthread.php?t=20025300
2144,85,showthread.php?t=20025266
2145,85,showthread.php?t=20025255
2146,85,showthread.php?t=20023595
2147,85,showthread.php?t=20024494
2148,85,showthread.php?t=19974594
2149,85,showthread.php?t=20023863
2150,85,showthread.php?t=20024873
2151,85,showthread.php?t=20024953
2152,85,showthread.php?t=20025013
2153,85,showthread.php?t=19843265
2154,85,showthread.php?t=20024769
2155,85,showthread.php?t=20024902
2156,86,showthread.php?t=20024790
2157,86,showthread.php?t=20024971
2158,86,showthread.php?t=20025023
2159,86,showthread.php?t=20016108
2160,86,showthread.php?t=20024854
2161,86,showthread.php?t=20024868
2162,86,showthread.php?t=20024948
2163,86,showthread.php?t=20024828
2164,86,showthread.php?t=20024789
2165,86,showthread.php?t=20024901
2166,86,showthread.php?t=20024754
2167,86,showthread.php?t=20024738
2168,86,showthread.php?t=20023592
2169,86,showthread.php?t=20024676
2170,86,showthread.php?t=20024697
2171,86,showthread.php?t=20024688
2172,86,showthread.php?t=20022370
2173,86,showthread.php?t=20024370
2174,86,showthread.php?t=20024691
2175,86,showthread.php?t=20024820
2176,86,showthread.php?t=20024801
2177,86,showthread.php?t=20024774
2178,86,showthread.php?t=20015490
2179,86,showthread.php?t=20024814
2180,86,showthread.php?t=20024805
2181,87,showthread.php?t=20024596
2182,87,showthread.php?t=20024806
2183,87,showthread.php?t=20024802
2184,87,showthread.php?t=20024795
2185,87,showthread.php?t=20024770
2186,87,showthread.php?t=20024694
2187,87,showthread.php?t=20024666
2188,87,showthread.php?t=20024767
2189,87,showthread.php?t=20024061
2190,87,showthread.php?t=20024535
2191,87,showthread.php?t=20024544
2192,87,showthread.php?t=20024756
2193,87,showthread.php?t=20024744
2194,87,showthread.php?t=20024723
2195,87,showthread.php?t=20023935
2196,87,showthread.php?t=20024703
2197,87,showthread.php?t=20024588
2198,87,showthread.php?t=20024619
2199,87,showthread.php?t=20024583
2200,87,showthread.php?t=20024150
2201,87,showthread.php?t=20023707
2202,87,showthread.php?t=20024373
2203,87,showthread.php?t=20023385
2204,87,showthread.php?t=20023663
2205,87,showthread.php?t=20024088
2206,88,showthread.php?t=20024128
2207,88,showthread.php?t=20023967
2208,88,showthread.php?t=20023009
2209,88,showthread.php?t=20024442
2210,88,showthread.php?t=20024291
2211,88,showthread.php?t=20024389
2212,88,showthread.php?t=20023662
2213,88,showthread.php?t=20024404
2214,88,showthread.php?t=20022863
2215,88,showthread.php?t=20022668
2216,88,showthread.php?t=20024201
2217,88,showthread.php?t=20023585
2218,88,showthread.php?t=20024320
2219,88,showthread.php?t=20024198
2220,88,showthread.php?t=20023961
2221,88,showthread.php?t=19831757
2222,88,showthread.php?t=19994589
2223,88,showthread.php?t=20024013
2224,88,showthread.php?t=19996731
2225,88,showthread.php?t=20024243
2226,88,showthread.php?t=20023929
2227,88,showthread.php?t=20022529
2228,88,showthread.php?t=20024197
2229,88,showthread.php?t=20019668
2230,88,showthread.php?t=20022911
2231,89,showthread.php?t=20023339
2232,89,showthread.php?t=20024042
2233,89,showthread.php?t=20024174
2234,89,showthread.php?t=20022700
2235,89,showthread.php?t=20023945
2236,89,showthread.php?t=20023508
2237,89,showthread.php?t=20022988
2238,89,showthread.php?t=20024043
2239,89,showthread.php?t=19808484
2240,89,showthread.php?t=20023747
2241,89,showthread.php?t=20023623
2242,89,showthread.php?t=20020773
2243,89,showthread.php?t=20023941
2244,89,showthread.php?t=20023917
2245,89,showthread.php?t=20021417
2246,89,showthread.php?t=20023822
2247,89,showthread.php?t=20023784
2248,89,showthread.php?t=20023704
2249,89,showthread.php?t=20023447
2250,89,showthread.php?t=20022625
2251,89,showthread.php?t=20018445
2252,89,showthread.php?t=20023172
2253,89,showthread.php?t=20023711
2254,89,showthread.php?t=20023671
2255,89,showthread.php?t=20023443
2256,90,showthread.php?t=20023658
2257,90,showthread.php?t=20023485
2258,90,showthread.php?t=20023609
2259,90,showthread.php?t=20023491
2260,90,showthread.php?t=20023495
2261,90,showthread.php?t=20023509
2262,90,showthread.php?t=20023492
2263,90,showthread.php?t=20023479
2264,90,showthread.php?t=20022598
2265,90,showthread.php?t=20021395
2266,90,showthread.php?t=20023400
2267,90,showthread.php?t=20023437
2268,90,showthread.php?t=20007782
2269,90,showthread.php?t=20023409
2270,90,showthread.php?t=20022417
2271,90,showthread.php?t=20020762
2272,90,showthread.php?t=20023319
2273,90,showthread.php?t=20022910
2274,90,showthread.php?t=20019664
2275,90,showthread.php?t=20023192
2276,90,showthread.php?t=20023221
2277,90,showthread.php?t=20018354
2278,90,showthread.php?t=20022957
2279,90,showthread.php?t=20021745
2280,90,showthread.php?t=20023152
2281,91,showthread.php?t=20022226
2282,91,showthread.php?t=20022344
2283,91,showthread.php?t=20023128
2284,91,showthread.php?t=20022921
2285,91,showthread.php?t=20023013
2286,91,showthread.php?t=20021648
2287,91,showthread.php?t=20022813
2288,91,showthread.php?t=20023028
2289,91,showthread.php?t=20022602
2290,91,showthread.php?t=20022914
2291,91,showthread.php?t=20022837
2292,91,showthread.php?t=20022956
2293,91,showthread.php?t=20022619
2294,91,showthread.php?t=20022917
2295,91,showthread.php?t=20022878
2296,91,showthread.php?t=20021527
2297,91,showthread.php?t=20011425
2298,91,showthread.php?t=20019495
2299,91,showthread.php?t=20022890
2300,91,showthread.php?t=20021863
2301,91,showthread.php?t=20022840
2302,91,showthread.php?t=20021775
2303,91,showthread.php?t=20022842
2304,91,showthread.php?t=20022822
2305,91,showthread.php?t=20022313
2306,92,showthread.php?t=19997460
2307,92,showthread.php?t=20022445
2308,92,showthread.php?t=20022819
2309,92,showthread.php?t=20022717
2310,92,showthread.php?t=20022751
2311,92,showthread.php?t=20022769
2312,92,showthread.php?t=20022778
2313,92,showthread.php?t=20022725
2314,92,showthread.php?t=20013247
2315,92,showthread.php?t=20022570
2316,92,showthread.php?t=20022671
2317,92,showthread.php?t=20022581
2318,92,showthread.php?t=20021935
2319,92,showthread.php?t=20022555
2320,92,showthread.php?t=20017465
2321,92,showthread.php?t=20020682
2322,92,showthread.php?t=20022156
2323,92,showthread.php?t=20022526
2324,92,showthread.php?t=20021306
2325,92,showthread.php?t=20022481
2326,92,showthread.php?t=20021642
2327,92,showthread.php?t=20022476
2328,92,showthread.php?t=20021462
2329,92,showthread.php?t=20022323
2330,92,showthread.php?t=20022455
2331,93,showthread.php?t=20022412
2332,93,showthread.php?t=20018568
2333,93,showthread.php?t=20022367
2334,93,showthread.php?t=19997425
2335,93,showthread.php?t=20020964
2336,93,showthread.php?t=20020210
2337,93,showthread.php?t=20021415
2338,93,showthread.php?t=20022008
2339,93,showthread.php?t=20022294
2340,93,showthread.php?t=20019406
2341,93,showthread.php?t=20022224
2342,93,showthread.php?t=20022259
2343,93,showthread.php?t=20022183
2344,93,showthread.php?t=20022225
2345,93,showthread.php?t=20016851
2346,93,showthread.php?t=20017011
2347,93,showthread.php?t=20022135
2348,93,showthread.php?t=20021940
2349,93,showthread.php?t=20012072
2350,93,showthread.php?t=18715890
2351,93,showthread.php?t=20021381
2352,93,showthread.php?t=20022096
2353,93,showthread.php?t=20020973
2354,93,showthread.php?t=20016178
2355,93,showthread.php?t=20018843
2356,94,showthread.php?t=20018961
2357,94,showthread.php?t=20020568
2358,94,showthread.php?t=20020162
2359,94,showthread.php?t=20017373
2360,94,showthread.php?t=20020089
2361,94,showthread.php?t=20021563
2362,94,showthread.php?t=20022009
2363,94,showthread.php?t=20021902
2364,94,showthread.php?t=20022005
2365,94,showthread.php?t=20021277
2366,94,showthread.php?t=20020413
2367,94,showthread.php?t=20021619
2368,94,showthread.php?t=20020418
2369,94,showthread.php?t=20005409
2370,94,showthread.php?t=20021888
2371,94,showthread.php?t=20021827
2372,94,showthread.php?t=20020250
2373,94,showthread.php?t=20019414
2374,94,showthread.php?t=20019170
2375,94,showthread.php?t=20021744
2376,94,showthread.php?t=20021612
2377,94,showthread.php?t=20021581
2378,94,showthread.php?t=20015730
2379,94,showthread.php?t=20021622
2380,94,showthread.php?t=20021787
2381,95,showthread.php?t=20021514
2382,95,showthread.php?t=20021780
2383,95,showthread.php?t=20021590
2384,95,showthread.php?t=20021558
2385,95,showthread.php?t=20021740
2386,95,showthread.php?t=20021640
2387,95,showthread.php?t=20021721
2388,95,showthread.php?t=20020528
2389,95,showthread.php?t=20021516
2390,95,showthread.php?t=20021502
2391,95,showthread.php?t=20021501
2392,95,showthread.php?t=20021588
2393,95,showthread.php?t=20021477
2394,95,showthread.php?t=20021537
2395,95,showthread.php?t=20021359
2396,95,showthread.php?t=20021423
2397,95,showthread.php?t=20021464
2398,95,showthread.php?t=20021480
2399,95,showthread.php?t=20021000
2400,95,showthread.php?t=20020072
2401,95,showthread.php?t=20019517
2402,95,showthread.php?t=20021407
2403,95,showthread.php?t=20021400
2404,95,showthread.php?t=20020346
2405,95,showthread.php?t=20021313
2406,96,showthread.php?t=20021327
2407,96,showthread.php?t=20021321
2408,96,showthread.php?t=20021176
2409,96,showthread.php?t=20020062
2410,96,showthread.php?t=20021224
2411,96,showthread.php?t=20021165
2412,96,showthread.php?t=20020398
2413,96,showthread.php?t=20021001
2414,96,showthread.php?t=20020996
2415,96,showthread.php?t=20021183
2416,96,showthread.php?t=20020984
2417,96,showthread.php?t=20020878
2418,96,showthread.php?t=20021171
2419,96,showthread.php?t=20021162
2420,96,showthread.php?t=20020971
2421,96,showthread.php?t=20020715
2422,96,showthread.php?t=20020953
2423,96,showthread.php?t=20018829
2424,96,showthread.php?t=20019484
2425,96,showthread.php?t=20019431
2426,96,showthread.php?t=20021036
2427,96,showthread.php?t=20020668
2428,96,showthread.php?t=20020903
2429,96,showthread.php?t=20020941
2430,96,showthread.php?t=20020904
2431,97,showthread.php?t=20020779
2432,97,showthread.php?t=20020921
2433,97,showthread.php?t=20020314
2434,97,showthread.php?t=20020940
2435,97,showthread.php?t=20020852
2436,97,showthread.php?t=20020700
2437,97,showthread.php?t=20020322
2438,97,showthread.php?t=20020803
2439,97,showthread.php?t=20019445
2440,97,showthread.php?t=20020572
2441,97,showthread.php?t=20020763
2442,97,showthread.php?t=20020336
2443,97,showthread.php?t=20019680
2444,97,showthread.php?t=20018378
2445,97,showthread.php?t=20020481
2446,97,showthread.php?t=20016096
2447,97,showthread.php?t=20020328
2448,97,showthread.php?t=20019903
2449,97,showthread.php?t=20020169
2450,97,showthread.php?t=20020403
2451,97,showthread.php?t=20020202
2452,97,showthread.php?t=20020382
2453,97,showthread.php?t=20020443
2454,97,showthread.php?t=20020537
2455,97,showthread.php?t=20019917
2456,98,showthread.php?t=20020521
2457,98,showthread.php?t=20020497
2458,98,showthread.php?t=20020317
2459,98,showthread.php?t=20020219
2460,98,showthread.php?t=20020356
2461,98,showthread.php?t=20020446
2462,98,showthread.php?t=20020105
2463,98,showthread.php?t=20018636
2464,98,showthread.php?t=20020377
2465,98,showthread.php?t=20020106
2466,98,showthread.php?t=20019893
2467,98,showthread.php?t=20020151
2468,98,showthread.php?t=20019555
2469,98,showthread.php?t=20019394
2470,98,showthread.php?t=20020137
2471,98,showthread.php?t=20020104
2472,98,showthread.php?t=20020107
2473,98,showthread.php?t=20020065
2474,98,showthread.php?t=20019983
2475,98,showthread.php?t=20020093
2476,98,showthread.php?t=20020011
2477,98,showthread.php?t=20019875
2478,98,showthread.php?t=20020020
2479,98,showthread.php?t=20018867
2480,98,showthread.php?t=20019649
2481,99,showthread.php?t=20019900
2482,99,showthread.php?t=20019898
2483,99,showthread.php?t=20019566
2484,99,showthread.php?t=20019425
2485,99,showthread.php?t=20018578
2486,99,showthread.php?t=19064050
2487,99,showthread.php?t=20019588
2488,99,showthread.php?t=20011669
2489,99,showthread.php?t=20019423
2490,99,showthread.php?t=20018979
2491,99,showthread.php?t=20019820
2492,99,showthread.php?t=20008381
2493,99,showthread.php?t=20018285
2494,99,showthread.php?t=20019699
2495,99,showthread.php?t=20018681
2496,99,showthread.php?t=20019775
2497,99,showthread.php?t=20019730
2498,99,showthread.php?t=20019725
2499,99,showthread.php?t=20006327
2500,99,showthread.php?t=20019559
2501,99,showthread.php?t=20018371
2502,99,showthread.php?t=20019677
2503,99,showthread.php?t=20019625
2504,99,showthread.php?t=20019604
2505,99,showthread.php?t=20019487
